,Unnamed: 0,Age,Employment Type,GraduateOrNot,AnnualIncome,FamilyMembers,ChronicDiseases,FrequentFlyer,EverTravelledAbroad,TravelInsurance
2,2,34,1,1,500000,4,1,0,0,1
7,7,31,1,1,1350000,3,0,1,1,1
8,8,28,1,1,1450000,6,1,1,1,1
11,11,26,1,1,1400000,5,0,1,1,1
12,12,32,0,1,850000,6,0,0,0,1
13,13,31,0,1,1500000,6,0,1,1,1
17,17,28,1,1,800000,7,0,0,0,1
18,18,29,1,1,1050000,5,1,0,0,1
19,19,34,1,1,1500000,2,0,1,1,1
21,21,29,1,1,350000,3,0,0,0,1
23,23,28,0,1,600000,9,0,0,0,1
26,26,34,1,0,1300000,6,0,1,0,1
32,32,25,0,1,750000,4,0,0,0,1
34,34,28,1,1,800000,9,0,0,0,1
39,39,33,1,1,1500000,5,1,1,1,1
40,40,25,1,1,1400000,3,1,1,1,1
42,42,26,1,1,1500000,2,1,1,1,1
43,43,28,1,1,1200000,4,0,1,0,1
44,44,25,1,1,1400000,7,0,0,1,1
45,45,34,1,0,1400000,5,1,0,1,1
46,46,25,1,1,1400000,4,0,0,1,1
49,49,31,1,1,1350000,3,0,0,1,1
56,56,28,1,1,550000,3,0,0,0,1
57,57,34,1,1,1000000,6,0,0,0,1
58,58,33,1,1,1400000,6,0,1,1,1
59,59,33,1,1,1400000,9,0,1,1,1
61,61,32,0,1,800000,3,0,1,0,1
64,64,30,1,0,1450000,9,0,1,1,1
67,67,34,1,1,1500000,3,0,1,1,1
76,76,29,1,1,1200000,3,0,0,0,1
78,78,31,0,1,1300000,3,0,0,1,1
83,83,34,1,0,950000,4,0,1,0,1
85,85,25,1,0,1700000,4,0,1,0,1
93,93,33,0,1,700000,7,0,1,0,1
95,95,26,1,1,1400000,5,0,0,1,1
100,100,28,1,1,1300000,6,1,0,0,1
101,101,33,1,1,1500000,3,1,1,1,1
103,103,26,1,1,1400000,5,0,0,1,1
108,108,26,1,1,1300000,4,0,0,0,1
109,109,25,1,1,1700000,3,0,1,0,1
116,116,28,1,1,1150000,5,0,0,0,1
118,118,31,0,1,1500000,4,1,1,1,1
121,121,26,1,1,1400000,6,0,0,1,1
125,125,29,1,1,500000,3,1,0,0,1
128,128,31,1,1,1350000,8,0,0,1,1
133,133,25,1,1,1750000,4,0,0,1,1
135,135,28,1,1,800000,6,0,0,1,1
136,136,29,1,1,500000,6,0,0,0,1
139,139,35,1,0,800000,7,1,0,0,1
146,146,30,1,0,750000,3,1,0,0,1
148,148,25,1,1,1400000,4,0,0,1,1
150,150,28,1,1,650000,2,1,0,0,1
151,151,29,1,1,1200000,7,0,0,0,1
155,155,34,1,1,1300000,6,0,0,0,1
158,158,31,1,1,1250000,6,0,1,0,1
160,160,31,0,1,1200000,5,1,0,0,1
161,161,34,1,0,1400000,3,1,0,1,1
162,162,34,1,1,500000,7,0,0,0,1
170,170,31,1,1,1350000,6,1,0,1,1
173,173,26,1,1,450000,5,1,0,0,1
174,174,34,1,1,700000,6,0,1,0,1
176,176,34,1,1,1050000,6,0,0,0,1
182,182,35,1,0,800000,3,0,1,0,1
185,185,28,0,1,300000,4,0,0,0,1
186,186,28,1,1,500000,9,0,0,0,1
189,189,26,1,1,1400000,7,1,0,1,1
195,195,25,1,1,1400000,5,0,1,1,1
196,196,34,1,1,1000000,7,0,0,0,1
198,198,25,1,0,1350000,4,0,0,1,1
199,199,30,1,0,1450000,5,0,1,1,1
200,200,27,0,1,1050000,4,0,0,0,1
201,201,31,1,1,1400000,2,0,0,1,1
202,202,28,1,1,600000,7,0,0,0,1
206,206,25,1,0,1150000,5,1,0,0,1
208,208,29,1,1,1350000,4,0,0,1,1
213,213,26,1,1,1400000,5,0,1,1,1
216,216,34,1,1,1050000,8,0,0,0,1
226,226,34,0,1,1300000,9,1,0,0,1
236,236,26,1,1,1500000,5,0,1,1,1
241,241,35,1,0,800000,6,0,0,0,1
247,247,27,0,1,1050000,3,0,1,0,1
248,248,34,0,1,1300000,6,0,0,0,1
250,250,34,1,1,1000000,6,1,0,0,1
252,252,29,1,1,1350000,5,1,0,1,1
253,253,28,1,1,1400000,2,0,0,1,1
255,255,34,1,1,1500000,5,0,1,1,1
256,256,34,0,1,1300000,7,1,0,1,1
257,257,33,1,1,550000,5,0,0,0,1
259,259,33,0,1,400000,3,1,0,0,1
260,260,26,1,1,1400000,3,1,0,1,1
261,261,28,1,1,1100000,4,1,0,0,1
267,267,33,0,1,1100000,4,0,0,0,1
268,268,34,1,1,500000,6,0,0,0,1
270,270,34,0,1,1300000,6,0,0,1,1
273,273,34,1,1,1000000,6,0,1,0,1
274,274,32,0,1,850000,7,0,0,0,1
275,275,26,1,1,1400000,4,1,0,1,1
278,278,32,0,1,800000,5,1,0,0,1
282,282,26,1,1,1400000,4,0,0,1,1
284,284,28,1,1,750000,3,0,0,0,1
293,293,31,1,1,1250000,3,0,0,0,1
297,297,35,1,0,800000,7,1,0,0,1
298,298,25,1,0,1700000,4,0,1,0,1
300,300,32,0,1,900000,5,1,0,0,1
302,302,34,1,1,700000,6,0,0,0,1
306,306,33,0,1,650000,5,1,0,0,1
309,309,33,0,1,650000,4,0,0,0,1
311,311,34,1,1,1500000,7,0,1,1,1
313,313,25,1,0,1150000,4,0,0,0,1
314,314,26,1,1,1400000,5,0,0,1,1
317,317,32,0,1,800000,6,0,0,0,1
318,318,34,0,1,1100000,3,0,0,0,1
319,319,25,1,1,1700000,2,1,1,0,1
323,323,33,1,1,1400000,5,0,0,1,1
328,328,34,1,1,700000,6,0,1,1,1
331,331,33,1,1,550000,4,0,0,0,1
332,332,31,1,1,1650000,7,1,1,0,1
334,334,29,1,1,1050000,3,0,0,0,1
335,335,28,1,1,800000,2,0,0,0,1
342,342,28,1,1,1100000,2,0,0,0,1
346,346,25,1,1,1800000,7,1,1,0,1
352,352,31,1,1,1350000,6,0,0,1,1
354,354,25,1,0,1150000,5,0,0,0,1
355,355,28,1,1,1400000,3,0,0,1,1
361,361,29,1,1,1350000,4,0,0,1,1
365,365,25,1,0,1700000,3,0,1,0,1
368,368,35,1,0,800000,3,0,0,0,1
370,370,31,0,1,1300000,6,0,0,0,1
377,377,27,1,0,1550000,4,0,1,0,1
378,378,25,1,1,1700000,5,0,1,0,1
379,379,27,1,0,1550000,6,0,1,0,1
382,382,31,1,1,1400000,6,0,0,1,1
386,386,28,1,1,1350000,5,0,0,1,1
389,389,31,1,1,1350000,5,0,0,1,1
390,390,33,1,1,550000,5,0,0,0,1
391,391,28,0,1,1200000,5,0,0,0,1
392,392,31,1,1,950000,4,1,0,0,1
394,394,28,1,1,1200000,4,0,0,0,1
396,396,33,0,1,650000,6,1,0,0,1
404,404,33,0,1,650000,5,1,0,0,1
406,406,28,1,1,1200000,9,0,0,0,1
407,407,25,1,0,1700000,6,0,1,0,1
413,413,25,1,1,1700000,5,0,1,0,1
414,414,33,1,1,1400000,4,0,0,1,1
416,416,31,1,1,1400000,7,0,0,1,1
417,417,31,1,1,1400000,3,0,1,1,1
422,422,34,1,1,1500000,7,1,1,1,1
423,423,25,1,1,1400000,5,0,0,1,1
424,424,29,1,1,1100000,7,1,1,0,1
427,427,25,1,1,1400000,7,0,1,1,1
430,430,26,1,1,1300000,7,0,0,0,1
434,434,34,1,1,1300000,7,0,0,0,1
435,435,34,1,1,1500000,4,1,1,1,1
440,440,34,1,1,1000000,4,0,0,0,1
441,441,34,1,1,850000,5,0,0,0,1
443,443,25,1,0,1150000,6,0,0,0,1
444,444,28,1,1,700000,4,1,0,0,1
448,448,33,1,1,1500000,4,1,1,1,1
449,449,31,1,1,500000,3,1,0,0,1
452,452,34,1,1,1300000,4,1,0,0,1
456,456,26,1,1,1500000,5,1,1,1,1
459,459,34,1,1,1500000,5,0,1,1,1
460,460,25,1,0,1350000,6,0,0,1,1
461,461,35,0,1,900000,4,1,0,0,1
464,464,34,1,1,1500000,5,0,1,1,1
465,465,26,1,1,1500000,5,0,1,1,1
469,469,25,1,0,1700000,5,0,1,0,1
473,473,25,1,1,1400000,8,0,0,1,1
475,475,34,1,1,1000000,4,0,0,0,1
476,476,33,1,1,1400000,4,1,0,1,1
477,477,34,1,1,1500000,6,1,1,1,1
480,480,34,1,1,1050000,7,0,1,0,1
484,484,33,0,1,800000,6,0,0,0,1
487,487,34,1,1,850000,4,0,0,0,1
491,491,28,1,1,1100000,4,1,0,0,1
497,497,28,1,1,1200000,5,0,1,0,1
500,500,26,1,1,1500000,4,0,1,1,1
502,502,28,0,1,300000,4,1,0,0,1
508,508,28,1,1,900000,6,0,0,0,1
509,509,28,1,1,1450000,6,0,1,1,1
514,514,28,1,1,500000,4,0,0,0,1
517,517,31,1,1,1250000,5,0,0,0,1
518,518,29,1,1,1350000,4,0,1,1,1
519,519,25,1,0,1700000,3,0,1,0,1
522,522,35,1,0,800000,6,1,0,0,1
532,532,31,0,1,1300000,5,1,1,0,1
534,534,27,1,0,450000,4,0,0,0,1
535,535,31,1,1,1350000,5,0,0,1,1
537,537,29,1,1,600000,8,1,0,0,1
540,540,26,1,1,1500000,3,0,1,1,1
547,547,26,1,1,1400000,4,1,0,1,1
551,551,25,1,1,1400000,9,1,0,1,1
559,559,29,1,1,1200000,3,0,0,0,1
560,560,26,1,1,1400000,7,0,0,1,1
563,563,33,1,1,550000,3,1,0,0,1
567,567,35,1,0,800000,7,1,0,1,1
575,575,29,1,1,900000,6,0,1,0,1
576,576,31,1,1,1400000,3,0,0,1,1
577,577,27,0,1,500000,3,0,0,0,1
583,583,29,1,1,500000,3,0,0,0,1
585,585,34,1,0,1400000,7,1,0,1,1
587,587,29,1,1,900000,9,1,0,0,1
588,588,35,1,0,800000,6,0,0,0,1
589,589,26,1,1,1400000,3,0,0,1,1
592,592,25,1,1,1700000,4,0,1,0,1
596,596,31,1,1,1350000,5,0,0,1,1
598,598,35,1,0,800000,6,0,1,0,1
600,600,34,1,1,1500000,4,1,1,1,1
602,602,34,1,1,1500000,4,0,1,1,1
603,603,33,1,1,1400000,6,1,0,1,1
605,605,28,1,1,1250000,5,0,0,1,1
608,608,28,1,1,800000,4,1,1,0,1
609,609,28,1,1,700000,7,1,1,1,1
617,617,30,1,0,550000,5,0,1,0,1
618,618,31,1,1,1650000,2,0,1,0,1
619,619,35,0,1,1100000,6,0,0,0,1
631,631,33,1,1,1400000,6,1,0,1,1
636,636,25,1,1,1400000,4,0,0,1,1
638,638,26,0,1,1450000,3,0,1,1,1
647,647,34,1,0,1300000,5,0,1,0,1
650,650,26,1,1,1400000,4,0,1,1,1
651,651,33,1,1,1400000,8,1,0,1,1
652,652,33,0,1,800000,6,0,0,0,1
657,657,28,1,1,1200000,5,0,0,0,1
658,658,30,1,0,1450000,6,0,1,1,1
663,663,32,0,1,800000,6,1,0,0,1
664,664,34,1,1,1500000,4,0,1,1,1
673,673,30,1,0,750000,3,1,0,0,1
678,678,25,1,1,1700000,4,0,1,0,1
680,680,29,1,1,1100000,4,1,0,1,1
682,682,26,1,1,1500000,5,1,1,1,1
685,685,34,1,1,1500000,4,1,1,1,1
686,686,33,1,1,1500000,3,0,1,1,1
694,694,34,0,1,1100000,6,1,0,0,1
697,697,25,1,1,1400000,3,1,0,1,1
698,698,33,1,1,1200000,7,0,0,0,1
700,700,28,1,1,1450000,4,0,1,1,1
701,701,29,1,1,1350000,7,1,0,1,1
704,704,33,0,1,700000,8,0,0,0,1
709,709,33,1,1,1500000,3,0,1,1,1
710,710,26,0,1,1450000,3,1,1,1,1
711,711,34,1,1,1000000,8,0,0,0,1
712,712,28,1,1,1450000,9,0,1,1,1
713,713,28,1,1,1100000,2,1,0,0,1
716,716,29,1,1,1100000,7,0,0,0,1
722,722,33,0,1,400000,8,0,0,0,1
725,725,30,1,0,800000,4,0,0,0,1
726,726,25,1,1,1700000,5,0,1,0,1
727,727,34,0,1,1100000,7,1,0,0,1
730,730,31,1,1,500000,6,0,0,0,1
734,734,34,1,1,1050000,7,0,0,0,1
737,737,28,1,1,700000,4,1,0,0,1
739,739,33,1,1,550000,4,0,0,0,1
740,740,34,1,1,1000000,6,1,0,0,1
741,741,34,1,1,1300000,6,0,0,0,1
742,742,34,1,1,1050000,7,1,0,0,1
747,747,34,1,1,1300000,6,0,0,0,1
749,749,34,0,1,1300000,8,0,0,0,1
751,751,28,1,1,1350000,9,0,0,1,1
752,752,28,1,0,550000,6,0,0,0,1
758,758,33,1,1,1400000,6,1,0,1,1
759,759,34,1,1,700000,7,1,0,0,1
761,761,26,1,1,1500000,3,0,1,1,1
768,768,34,1,1,1500000,5,0,1,1,1
771,771,29,1,1,500000,7,0,0,0,1
776,776,25,1,1,1400000,6,0,1,1,1
779,779,25,1,1,1400000,4,0,0,1,1
781,781,27,0,1,500000,5,0,0,0,1
784,784,31,0,1,1500000,5,1,1,1,1
789,789,28,1,1,750000,4,0,0,0,1
790,790,32,0,1,900000,4,1,0,0,1
791,791,35,1,0,800000,7,0,0,0,1
793,793,28,1,1,1150000,6,0,0,0,1
798,798,34,0,1,1300000,5,1,0,0,1
801,801,31,1,1,500000,4,1,0,0,1
802,802,30,1,0,550000,5,1,0,0,1
807,807,27,0,1,1050000,3,0,1,0,1
808,808,34,1,1,1500000,6,0,1,1,1
809,809,30,1,0,1450000,5,1,1,1,1
817,817,27,0,1,500000,4,0,0,0,1
818,818,28,1,1,900000,4,0,0,0,1
821,821,34,1,1,1000000,4,1,0,0,1
825,825,29,1,1,900000,7,0,0,0,1
827,827,32,0,1,850000,7,1,0,0,1
828,828,34,1,1,1000000,6,1,0,0,1
830,830,34,1,1,1050000,6,0,0,0,1
832,832,34,1,1,1500000,6,0,1,1,1
833,833,31,0,1,1500000,3,0,1,1,1
834,834,33,1,1,1400000,5,1,1,1,1
836,836,28,1,1,1450000,4,0,1,1,1
839,839,26,1,1,1250000,4,0,0,0,1
840,840,28,1,1,1100000,3,0,0,0,1
841,841,34,1,1,1500000,3,0,1,1,1
847,847,29,1,1,1050000,4,0,0,0,1
851,851,28,1,1,500000,5,0,0,0,1
856,856,34,1,1,700000,7,0,0,0,1
857,857,28,0,1,600000,3,0,0,0,1
861,861,30,1,0,1450000,3,1,1,1,1
865,865,31,1,1,1350000,5,0,0,1,1
866,866,31,1,1,1400000,3,1,0,1,1
869,869,33,1,1,1400000,3,0,0,1,1
873,873,32,0,1,350000,3,0,0,0,1
877,877,26,1,1,1400000,3,0,0,1,1
879,879,29,1,1,1050000,4,0,0,0,1
883,883,28,1,1,1350000,3,0,0,1,1
884,884,35,0,1,1100000,8,0,1,0,1
886,886,31,1,1,1350000,3,0,0,1,1
890,890,33,1,1,1400000,3,0,0,1,1
894,894,30,1,0,800000,5,0,0,0,1
895,895,28,1,1,600000,5,0,0,1,1
899,899,25,1,1,1700000,3,0,1,0,1
900,900,29,1,1,1050000,3,1,1,0,1
902,902,34,1,1,500000,7,1,0,0,1
907,907,26,1,1,1400000,6,0,0,1,1
909,909,26,1,1,1400000,4,1,0,1,1
912,912,31,1,1,1400000,6,0,1,1,1
913,913,31,1,1,1400000,4,0,0,1,1
916,916,26,1,1,1500000,6,0,1,1,1
918,918,33,0,1,1000000,7,1,0,0,1
919,919,26,1,1,1500000,6,0,1,1,1
926,926,34,1,1,700000,5,0,0,0,1
927,927,33,1,1,1500000,5,1,1,1,1
928,928,26,1,1,450000,7,0,0,0,1
929,929,26,1,1,600000,5,0,0,0,1
930,930,34,1,1,700000,7,1,0,0,1
932,932,27,0,1,1050000,5,1,0,0,1
935,935,27,1,0,1550000,7,0,1,0,1
938,938,28,0,1,1200000,8,0,1,0,1
939,939,31,1,1,500000,8,0,0,0,1
940,940,25,1,1,1400000,6,0,1,1,1
946,946,25,1,1,1400000,5,0,1,1,1
949,949,29,1,1,1200000,3,1,0,1,1
951,951,34,1,1,1500000,5,0,1,1,1
952,952,28,1,1,1450000,5,0,1,1,1
955,955,34,1,1,1300000,6,0,0,0,1
956,956,25,1,0,1700000,5,0,1,0,1
960,960,28,1,1,1450000,4,0,1,1,1
963,963,26,1,1,600000,6,1,0,0,1
964,964,33,0,1,400000,9,1,0,0,1
966,966,25,1,1,1700000,4,1,1,0,1
971,971,34,1,1,1050000,6,0,0,1,1
973,973,26,1,1,1500000,4,0,1,1,1
974,974,26,1,1,1500000,4,0,1,1,1
975,975,30,1,0,1450000,3,1,1,1,1
977,977,34,1,1,1500000,2,0,1,1,1
983,983,35,1,0,950000,6,0,1,0,1
985,985,25,1,1,1400000,3,1,1,1,1
986,986,25,1,1,1400000,3,0,0,1,1
987,987,33,1,1,1400000,2,1,0,1,1
989,989,33,0,1,400000,7,1,0,0,1
990,990,29,1,1,600000,4,0,1,0,1
991,991,30,1,0,1450000,7,0,1,1,1
996,996,31,1,1,1400000,4,0,1,1,1
998,998,26,1,1,1400000,4,0,0,1,1
999,999,34,1,1,1300000,6,0,0,0,1
1001,1001,26,1,1,1250000,5,0,0,0,1
1007,1007,34,1,1,1000000,6,0,0,0,1
1008,1008,26,1,1,1400000,5,0,0,1,1
1009,1009,34,1,1,1500000,4,0,1,1,1
1011,1011,35,1,0,950000,9,0,0,0,1
1014,1014,26,0,1,550000,5,0,0,0,1
1015,1015,26,1,1,1400000,4,1,0,1,1
1019,1019,27,0,1,850000,4,1,1,1,1
1021,1021,28,1,1,1150000,4,0,0,0,1
1023,1023,25,1,1,1400000,3,0,0,1,1
1024,1024,32,0,1,800000,9,0,0,1,1
1025,1025,31,0,1,1300000,4,1,0,0,1
1032,1032,32,0,1,850000,3,0,0,0,1
1034,1034,25,1,1,1400000,3,0,1,1,1
1037,1037,29,1,1,900000,7,0,0,0,1
1038,1038,30,1,0,550000,4,0,0,0,1
1040,1040,32,0,1,850000,3,0,1,0,1
1044,1044,25,1,0,1350000,6,0,0,1,1
1047,1047,31,1,1,1350000,4,0,0,1,1
1053,1053,34,1,1,1050000,4,0,0,0,1
1055,1055,25,1,1,1700000,5,0,1,0,1
1066,1066,29,1,1,1200000,5,1,0,0,1
1067,1067,34,1,1,700000,4,0,1,0,1
1068,1068,27,0,1,500000,4,1,0,0,1
1076,1076,31,1,1,1350000,4,0,0,1,1
1081,1081,26,0,1,1450000,5,0,1,1,1
1091,1091,34,1,1,1500000,9,0,1,1,1
1092,1092,31,0,1,1500000,7,0,1,1,1
1093,1093,26,1,1,1500000,5,0,1,1,1
1095,1095,34,0,1,1100000,9,0,0,0,1
1096,1096,30,1,0,1450000,7,1,1,1,1
1099,1099,35,1,0,800000,6,0,0,0,1
1100,1100,27,1,0,450000,3,0,0,0,1
1105,1105,26,0,1,1450000,7,0,1,1,1
1107,1107,26,1,1,1400000,5,0,0,1,1
1108,1108,35,1,0,950000,3,0,1,0,1
1109,1109,25,1,1,1400000,4,1,1,1,1
1116,1116,28,0,1,600000,9,0,1,0,1
1121,1121,34,1,1,1000000,6,1,0,0,1
1122,1122,34,1,1,700000,5,0,1,0,1
1123,1123,25,1,1,1800000,6,1,1,0,1
1129,1129,26,1,1,1500000,2,0,1,1,1
1132,1132,34,0,1,1300000,4,0,0,0,1
1133,1133,35,0,1,1100000,3,1,0,0,1
1134,1134,31,1,1,1250000,7,0,0,0,1
1135,1135,28,1,1,1100000,7,1,0,0,1
1136,1136,27,1,0,600000,6,0,0,0,1
1147,1147,26,1,1,1500000,3,0,1,1,1
1149,1149,25,1,1,1400000,5,0,1,1,1
1150,1150,28,1,1,600000,3,0,0,0,1
1151,1151,34,1,1,700000,7,0,0,0,1
1155,1155,28,0,1,600000,4,0,1,0,1
1156,1156,28,1,1,1300000,6,0,0,0,1
1157,1157,28,1,1,800000,5,1,0,0,1
1161,1161,28,1,1,600000,3,0,0,0,1
1162,1162,34,1,0,1400000,4,0,0,1,1
1164,1164,31,1,1,1400000,6,0,0,1,1
1165,1165,28,1,1,1150000,2,0,0,0,1
1169,1169,25,1,1,1400000,7,0,0,1,1
1172,1172,28,1,1,900000,4,1,0,0,1
1173,1173,32,0,1,850000,7,0,0,1,1
1178,1178,28,1,1,800000,4,0,0,0,1
1192,1192,33,0,1,1100000,3,0,0,0,1
1194,1194,31,1,1,1350000,3,0,0,1,1
1197,1197,25,1,1,1700000,5,1,1,0,1
1200,1200,26,1,1,1400000,4,1,0,1,1
1202,1202,31,1,1,1400000,4,0,0,1,1
1204,1204,28,1,1,800000,3,1,0,0,1
1206,1206,29,1,1,1200000,3,0,0,0,1
1209,1209,34,1,1,1500000,5,1,1,1,1
1210,1210,30,1,0,800000,5,0,0,0,1
1211,1211,25,1,1,1700000,4,0,1,0,1
1213,1213,25,0,1,750000,2,0,0,1,1
1215,1215,25,1,1,1700000,5,0,1,0,1
1216,1216,27,1,0,800000,6,0,0,0,1
1219,1219,34,1,1,700000,6,0,1,0,1
1224,1224,33,1,1,1400000,7,0,0,1,1
1226,1226,34,1,1,1500000,5,0,1,1,1
1229,1229,33,0,1,400000,9,0,0,0,1
1230,1230,31,0,1,1500000,6,0,1,1,1
1231,1231,34,1,1,1500000,4,1,1,1,1
1238,1238,34,1,1,700000,6,0,0,0,1
1239,1239,34,1,1,1500000,6,1,1,1,1
1241,1241,33,0,1,1100000,8,0,0,0,1
1243,1243,33,0,1,700000,6,1,0,0,1
1245,1245,26,1,1,1400000,3,0,0,1,1
1251,1251,28,1,1,500000,5,1,0,0,1
1253,1253,25,1,1,1700000,3,0,1,0,1
1254,1254,34,1,1,700000,8,0,0,0,1
1256,1256,28,1,1,500000,5,1,0,0,1
1258,1258,34,0,1,1300000,7,1,0,0,1
1259,1259,33,0,1,400000,6,0,0,0,1
1261,1261,33,0,1,800000,6,1,0,0,1
1262,1262,27,0,1,500000,4,0,0,0,1
1266,1266,33,1,1,1400000,8,1,0,1,1
1267,1267,31,1,1,1350000,3,0,1,1,1
1268,1268,33,0,1,1000000,5,0,0,1,1
1271,1271,25,1,1,500000,4,1,0,0,1
1272,1272,33,0,1,650000,3,0,0,0,1
1276,1276,31,0,1,1200000,5,1,0,0,1
1277,1277,34,1,1,1500000,2,0,1,1,1
1278,1278,30,1,0,550000,3,0,0,0,1
1279,1279,29,1,1,1200000,5,0,1,0,1
1280,1280,25,1,1,1400000,4,0,0,1,1
1282,1282,31,1,1,1400000,3,0,1,1,1
1290,1290,31,1,1,1400000,5,0,1,1,1
1291,1291,34,1,1,1500000,5,1,1,1,1
1295,1295,35,0,1,900000,7,1,1,0,1
1298,1298,27,0,1,500000,2,1,0,0,1
1302,1302,28,1,0,550000,3,0,0,0,1
1304,1304,34,1,1,1050000,5,0,0,0,1
1305,1305,29,1,1,900000,5,0,0,0,1
1309,1309,33,1,1,1400000,4,0,0,1,1
1310,1310,28,1,1,1150000,6,0,0,0,1
1311,1311,28,1,1,800000,3,0,0,0,1
1314,1314,31,1,1,1400000,6,0,0,1,1
1316,1316,31,1,1,1400000,3,0,0,1,1
1317,1317,25,1,0,1700000,4,0,1,0,1
1318,1318,31,1,1,1350000,3,1,0,1,1
1320,1320,31,1,1,1350000,3,0,1,1,1
1322,1322,34,1,1,1050000,6,0,0,0,1
1324,1324,33,0,1,400000,9,1,0,0,1
1325,1325,30,1,0,800000,4,0,0,0,1
1329,1329,33,1,1,1400000,4,0,0,1,1
1331,1331,31,1,1,1250000,5,0,0,0,1
1334,1334,25,0,1,750000,3,0,0,1,1
1338,1338,28,1,1,1450000,4,0,1,1,1
1339,1339,34,1,1,1500000,5,0,1,1,1
1340,1340,28,1,1,700000,4,1,0,0,1
1342,1342,25,1,1,1400000,3,0,0,1,1
1343,1343,26,1,1,1500000,5,1,1,1,1
1344,1344,25,1,1,1700000,3,0,1,0,1
1349,1349,26,1,1,1400000,3,0,0,1,1
1350,1350,33,0,1,700000,3,1,0,0,1
1354,1354,26,1,1,1400000,9,1,0,1,1
1355,1355,30,1,0,650000,6,0,1,0,1
1358,1358,26,1,1,1500000,4,0,1,1,1
1359,1359,32,0,1,850000,9,0,1,0,1
1361,1361,26,1,1,1400000,4,0,0,1,1
1362,1362,28,1,1,700000,2,1,0,0,1
1367,1367,27,0,1,850000,5,0,0,0,1
1368,1368,29,1,1,1350000,6,0,0,1,1
1371,1371,28,0,1,1200000,4,0,0,0,1
1372,1372,33,1,1,550000,5,1,0,0,1
1375,1375,28,1,1,1450000,5,0,1,1,1
1377,1377,26,0,1,1450000,3,0,1,1,1
1380,1380,28,1,1,500000,5,1,0,0,1
1381,1381,25,1,1,1400000,4,1,0,1,1
1382,1382,28,1,1,1400000,4,0,0,1,1
1383,1383,25,1,1,1400000,2,1,0,1,1
1387,1387,30,1,0,650000,6,1,0,0,1
1389,1389,25,1,0,1150000,6,0,0,0,1
1392,1392,27,0,1,1050000,2,0,0,0,1
1398,1398,31,1,1,1400000,3,0,1,1,1
1403,1403,28,1,1,750000,2,0,0,0,1
1404,1404,34,1,1,1000000,6,0,0,0,1
1408,1408,33,0,1,700000,7,0,0,0,1
1409,1409,28,1,1,1200000,3,0,0,0,1
1411,1411,29,1,1,1200000,3,1,0,0,1
1412,1412,26,1,1,500000,4,1,0,0,1
1415,1415,31,0,1,1300000,3,1,0,0,1
1418,1418,30,1,0,800000,4,0,0,0,1
1421,1421,31,1,1,1350000,3,1,1,1,1
1427,1427,25,1,0,1150000,6,0,0,0,1
1428,1428,34,1,1,1300000,7,0,0,0,1
1429,1429,32,0,1,650000,3,0,0,0,1
1430,1430,25,1,1,1400000,6,0,0,1,1
1431,1431,25,1,0,1150000,6,0,0,0,1
1432,1432,28,1,1,700000,3,0,0,0,1
1433,1433,31,1,1,1400000,4,0,0,1,1
1435,1435,34,1,1,500000,4,0,0,0,1
1437,1437,30,1,0,500000,7,0,0,0,1
1439,1439,33,0,1,400000,7,1,0,0,1
1443,1443,29,1,1,1200000,7,1,0,0,1
1446,1446,29,1,1,500000,5,0,0,0,1
1450,1450,34,1,1,1050000,7,0,0,0,1
1452,1452,31,1,1,1350000,3,0,0,1,1
1455,1455,33,0,1,1100000,4,0,0,0,1
1456,1456,25,1,0,1700000,3,0,1,0,1
1457,1457,25,1,0,600000,3,0,0,0,1
1459,1459,34,1,1,1500000,5,1,1,1,1
1471,1471,35,0,1,1100000,3,0,0,0,1
1476,1476,33,1,1,1750000,6,0,0,0,1
1479,1479,25,1,1,1400000,7,0,0,1,1
1481,1481,34,1,1,500000,6,0,0,0,1
1489,1489,29,1,1,1350000,4,0,0,1,1
1491,1491,26,1,1,1400000,7,1,1,1,1
1494,1494,25,0,1,750000,6,0,0,0,1
1495,1495,29,1,1,600000,4,0,0,0,1
1497,1497,33,0,1,400000,6,0,0,0,1
1500,1500,25,1,1,1750000,3,0,0,1,1
1508,1508,25,1,0,1700000,5,0,1,1,1
1513,1513,28,1,1,1450000,5,0,1,1,1
1514,1514,34,1,1,1000000,6,1,0,0,1
1517,1517,26,1,1,1400000,4,1,0,1,1
1518,1518,31,1,1,1250000,6,0,0,0,1
1519,1519,28,0,1,300000,6,0,0,0,1
1521,1521,29,1,1,1350000,5,0,0,1,1
1526,1526,30,1,0,550000,5,1,0,0,1
1527,1527,31,1,1,1250000,5,0,0,0,1
1529,1529,31,1,1,1250000,4,0,0,0,1
1533,1533,33,0,1,600000,8,0,0,0,1
1534,1534,33,0,1,1750000,6,0,0,0,1
1535,1535,33,0,1,650000,5,0,1,0,1
1537,1537,29,1,1,500000,4,0,0,0,1
1539,1539,33,1,1,550000,7,1,1,0,1
1545,1545,34,1,0,1400000,3,0,1,1,1
1547,1547,34,1,1,1500000,4,1,1,1,1
1552,1552,28,1,1,750000,2,0,0,0,1
1553,1553,28,1,1,1450000,3,0,1,1,1
1555,1555,26,1,1,1400000,9,1,0,1,1
1556,1556,30,1,0,1450000,6,0,1,1,1
1562,1562,29,1,1,1100000,4,0,0,0,1
1566,1566,34,1,1,1500000,3,1,1,1,1
1567,1567,33,1,1,1500000,5,0,1,1,1
1571,1571,34,1,1,1500000,6,0,1,1,1
1576,1576,28,1,1,1100000,4,0,0,0,1
1581,1581,33,1,1,550000,6,0,0,0,1
1585,1585,25,1,1,1700000,2,1,1,0,1
1586,1586,28,1,1,1450000,4,0,1,1,1
1589,1589,25,1,1,1400000,4,0,1,1,1
1592,1592,25,1,0,1700000,5,0,1,0,1
1594,1594,25,1,1,1400000,5,1,0,1,1
1600,1600,28,0,1,300000,7,0,0,0,1
1607,1607,29,1,1,350000,8,1,0,0,1
1608,1608,26,1,1,1500000,6,0,1,1,1
1611,1611,26,1,1,1400000,6,1,0,1,1
1612,1612,31,1,1,1400000,6,0,0,1,1
1614,1614,34,0,1,1300000,4,0,0,0,1
1616,1616,27,0,1,500000,2,0,0,0,1
1622,1622,34,1,1,1000000,9,0,0,0,1
1623,1623,33,1,1,1400000,3,0,0,1,1
1624,1624,25,1,0,1150000,6,1,0,0,1
1625,1625,28,0,1,300000,3,1,0,0,1
1627,1627,29,1,1,1050000,3,0,0,0,1
1630,1630,31,1,1,900000,4,1,0,0,1
1637,1637,35,1,0,800000,5,0,0,1,1
1638,1638,29,1,1,1200000,4,0,0,0,1
1639,1639,25,1,1,1700000,4,0,1,0,1
1644,1644,28,1,1,1100000,7,0,0,0,1
1646,1646,28,1,1,1250000,3,1,0,0,1
1650,1650,25,1,1,1800000,4,1,1,0,1
1651,1651,34,1,1,1500000,3,0,1,1,1
1652,1652,34,0,1,1100000,7,1,1,0,1
1653,1653,26,1,1,500000,5,1,0,0,1
1654,1654,25,1,1,1400000,5,1,1,1,1
1660,1660,29,1,1,1200000,5,0,0,0,1
1666,1666,34,1,0,1300000,6,0,0,0,1
1669,1669,26,1,1,500000,5,1,0,0,1
1670,1670,34,1,1,1050000,8,1,0,0,1
1671,1671,29,1,1,1350000,8,0,0,1,1
1672,1672,28,1,1,1350000,5,0,0,1,1
1675,1675,33,1,1,750000,7,1,0,0,1
1676,1676,27,0,1,1050000,7,0,0,0,1
1678,1678,31,1,1,1350000,7,0,1,1,1
1684,1684,26,1,1,1400000,6,1,0,1,1
1690,1690,35,1,0,800000,6,1,0,1,1
1691,1691,26,1,1,1400000,5,0,0,1,1
1693,1693,31,0,1,1300000,2,0,1,0,1
1699,1699,28,1,1,700000,3,0,0,0,1
1708,1708,26,1,1,1250000,3,1,0,0,1
1710,1710,31,1,1,1350000,4,0,0,1,1
1712,1712,28,1,1,1400000,4,0,0,1,1
1717,1717,34,1,1,1500000,5,1,1,1,1
1718,1718,34,1,1,700000,3,0,0,0,1
1719,1719,25,1,1,1700000,3,0,1,0,1
1721,1721,30,1,0,1450000,2,1,1,1,1
1722,1722,34,1,1,1500000,3,1,1,1,1
1724,1724,28,1,1,900000,4,0,1,0,1
1726,1726,34,1,1,1500000,6,0,1,1,1
1729,1729,35,0,1,900000,7,0,0,0,1
1736,1736,33,1,1,750000,8,1,0,0,1
1743,1743,35,1,0,950000,4,0,0,0,1
1747,1747,33,1,1,1500000,5,0,1,1,1
1753,1753,33,0,1,600000,7,0,0,0,1
1754,1754,30,1,0,1450000,4,1,1,1,1
1756,1756,29,1,1,900000,3,0,0,0,1
1760,1760,34,1,1,1500000,3,0,1,1,1
1765,1765,34,1,1,1300000,6,1,0,0,1
1767,1767,35,1,0,800000,4,0,0,0,1
1771,1771,26,1,1,1400000,4,0,0,1,1
1775,1775,33,0,1,1100000,8,0,0,0,1
1779,1779,25,1,0,1700000,6,0,1,0,1
1783,1783,29,1,1,1200000,9,0,0,0,1
1784,1784,34,1,1,700000,4,0,0,0,1
1792,1792,34,1,1,1500000,3,0,1,1,1
1793,1793,34,1,1,1500000,3,0,1,1,1
1794,1794,28,1,1,1450000,5,0,1,1,1
1798,1798,25,1,1,1700000,3,0,1,0,1
1799,1799,26,0,1,1450000,3,0,1,1,1
1803,1803,33,1,1,1400000,5,0,0,1,1
1806,1806,26,0,1,550000,4,0,0,0,1
1813,1813,29,1,1,1350000,4,0,0,1,1
1814,1814,28,1,0,550000,5,0,1,0,1
1815,1815,33,1,1,550000,3,1,0,0,1
1817,1817,29,1,1,1050000,7,0,1,0,1
1819,1819,25,1,1,1400000,3,0,0,1,1
1821,1821,25,1,0,1350000,5,1,0,1,1
1823,1823,25,1,1,1800000,6,0,1,0,1
1827,1827,32,0,1,800000,5,1,1,0,1
1829,1829,31,1,1,1400000,4,1,0,1,1
1830,1830,25,1,1,1700000,6,0,1,0,1
1847,1847,28,0,1,1200000,3,0,0,0,1
1851,1851,28,1,0,550000,6,0,0,0,1
1854,1854,34,0,1,1300000,5,0,1,0,1
1855,1855,27,1,0,1550000,4,0,1,0,1
1858,1858,30,1,0,750000,3,1,0,0,1
1864,1864,31,0,1,400000,6,1,0,0,1
1865,1865,26,1,1,1400000,6,0,0,1,1
1867,1867,35,1,0,800000,5,0,0,0,1
1868,1868,25,1,1,1400000,5,0,0,1,1
1869,1869,31,0,1,1500000,2,0,1,1,1
1870,1870,25,1,1,1700000,3,0,1,0,1
1871,1871,34,1,1,1500000,4,0,1,1,1
1875,1875,26,1,1,1400000,5,0,0,1,1
1876,1876,34,1,1,1500000,4,1,1,1,1
1878,1878,28,1,1,700000,4,0,0,0,1
1880,1880,27,0,1,1050000,4,1,0,0,1
1881,1881,34,1,1,1300000,4,0,0,0,1
1882,1882,31,1,1,1350000,9,1,0,1,1
1884,1884,28,0,1,1200000,4,0,0,0,1
1891,1891,28,1,1,800000,7,1,0,0,1
1896,1896,31,1,1,1400000,3,0,0,1,1
1897,1897,35,0,1,1100000,4,0,1,0,1
1903,1903,33,0,1,650000,4,0,0,1,1
1906,1906,28,1,1,1450000,6,0,1,1,1
1907,1907,28,1,1,600000,5,0,1,0,1
1911,1911,27,1,0,1550000,6,1,1,0,1
1917,1917,34,1,0,1300000,4,0,0,0,1
1918,1918,33,1,1,1400000,3,0,0,1,1
1926,1926,25,1,1,1400000,5,0,0,1,1
1927,1927,34,1,1,1000000,4,0,0,0,1
1928,1928,34,1,1,1500000,7,0,1,1,1
1929,1929,28,0,1,600000,7,1,0,0,1
1936,1936,33,1,1,1500000,7,0,1,1,1
1941,1941,27,1,0,450000,3,0,0,0,1
1944,1944,34,1,1,1500000,4,1,1,1,1
1945,1945,28,1,0,550000,4,1,0,1,1
1946,1946,32,0,1,850000,7,0,1,1,1
1948,1948,35,1,0,800000,6,0,1,0,1
1949,1949,34,1,1,700000,6,0,0,0,1
1952,1952,31,0,1,1500000,4,0,1,1,1
1953,1953,34,0,1,1300000,7,0,0,0,1
1956,1956,32,0,1,350000,3,1,0,1,1
1960,1960,28,0,1,300000,6,0,0,0,1
1963,1963,33,0,1,1100000,4,0,0,0,1
1965,1965,30,1,0,550000,3,0,0,0,1
1970,1970,29,1,1,500000,4,0,0,0,1
1973,1973,31,1,1,1350000,3,0,0,1,1
1975,1975,26,1,1,1400000,9,0,0,1,1
1977,1977,25,1,0,1350000,6,0,0,1,1
1978,1978,34,1,1,700000,5,0,0,0,1
1981,1981,27,0,1,850000,3,0,0,0,1
1982,1982,33,1,1,1500000,4,0,1,1,1
1985,1985,34,1,1,1000000,6,0,1,1,1
0,0,31,0,1,400000,6,1,0,0,0
1,1,31,1,1,1250000,7,0,0,0,0
3,3,28,1,1,700000,3,1,0,0,0
4,4,28,1,1,700000,8,1,1,0,0
5,5,25,1,0,1150000,4,0,0,0,0
6,6,31,0,1,1300000,4,0,0,0,0
9,9,33,0,1,800000,3,0,1,0,0
10,10,31,0,1,400000,9,1,0,0,0
14,14,31,0,1,400000,3,0,0,0,0
15,15,34,1,1,700000,7,0,0,0,0
16,16,28,1,1,1150000,4,1,0,0,0
20,20,28,1,1,1150000,6,0,1,0,0
22,22,31,1,1,1100000,4,0,0,0,0
24,24,31,0,1,1500000,7,0,1,1,0
25,25,35,1,0,800000,4,0,0,1,0
27,27,28,1,1,1250000,2,0,1,0,0
28,28,26,1,1,600000,4,0,1,0,0
29,29,31,1,1,900000,3,0,0,0,0
30,30,30,1,0,550000,6,0,1,1,0
31,31,31,0,0,300000,4,0,0,0,0
33,33,32,0,1,850000,3,0,0,0,0
35,35,33,1,1,1400000,4,0,1,1,0
36,36,31,0,0,300000,9,1,0,0,0
37,37,34,1,1,700000,4,0,0,0,0
38,38,34,0,1,1100000,2,0,0,0,0
41,41,33,1,1,550000,5,0,0,0,0
47,47,35,0,1,1100000,5,0,0,0,0
48,48,28,1,1,600000,3,0,0,0,0
50,50,31,1,1,1250000,3,1,0,0,0
51,51,29,1,1,1050000,3,0,0,0,0
52,52,31,1,1,1250000,4,0,0,1,0
53,53,28,0,1,300000,2,0,0,0,0
54,54,29,1,1,1200000,7,0,0,0,0
55,55,26,1,1,750000,5,0,0,0,0
60,60,31,1,1,1250000,4,0,1,1,0
62,62,28,1,1,800000,4,0,1,0,0
63,63,27,0,1,500000,2,0,0,0,0
65,65,26,1,1,600000,5,1,0,0,0
66,66,30,1,0,800000,6,0,1,0,0
68,68,29,1,1,350000,4,0,0,0,0
69,69,31,0,0,300000,4,0,0,0,0
70,70,34,0,1,1300000,4,0,0,0,0
71,71,28,1,1,750000,6,0,1,0,0
72,72,28,1,1,800000,6,1,1,0,0
73,73,28,1,1,750000,7,0,1,0,0
74,74,28,1,1,700000,4,1,0,0,0
75,75,34,1,1,1300000,5,0,0,0,0
77,77,31,0,0,400000,4,0,0,0,0
79,79,31,0,0,400000,5,1,0,0,0
80,80,26,1,1,1300000,4,1,0,0,0
81,81,25,1,0,1150000,8,0,0,0,0
82,82,28,1,1,1250000,4,1,0,0,0
84,84,32,0,1,350000,6,1,0,0,0
86,86,32,0,1,900000,4,0,0,0,0
87,87,28,0,1,300000,6,0,0,0,0
88,88,34,1,1,1050000,5,1,0,0,0
89,89,28,0,1,300000,8,0,0,0,0
90,90,27,0,1,1050000,3,0,0,0,0
91,91,28,0,1,300000,4,1,0,0,0
92,92,28,1,1,1150000,5,0,0,0,0
94,94,34,1,1,1300000,4,0,0,0,0
96,96,28,1,1,700000,4,0,0,0,0
97,97,29,1,1,350000,7,0,0,0,0
98,98,29,1,1,1100000,6,0,0,0,0
99,99,29,0,1,600000,3,0,0,0,0
102,102,29,1,1,500000,3,1,0,0,0
104,104,28,1,1,1150000,3,0,0,0,0
105,105,28,1,1,750000,3,0,0,0,0
106,106,34,1,1,1300000,3,0,0,0,0
107,107,34,1,1,850000,3,1,0,1,0
110,110,31,0,1,400000,5,0,0,0,0
111,111,28,1,1,800000,5,0,0,0,0
112,112,30,1,0,800000,4,0,0,0,0
113,113,29,1,1,900000,4,0,1,0,0
114,114,29,1,1,500000,5,0,0,0,0
115,115,29,1,1,900000,4,0,0,0,0
117,117,31,0,1,400000,5,0,0,0,0
119,119,31,1,1,500000,4,0,0,0,0
120,120,28,1,1,800000,3,1,0,0,0
122,122,32,0,1,800000,6,1,0,0,0
123,123,27,0,1,850000,3,0,0,0,0
124,124,32,0,1,350000,4,1,0,0,0
126,126,32,0,1,800000,5,0,1,0,0
127,127,27,0,1,750000,5,0,0,0,0
129,129,29,1,1,1050000,6,0,0,0,0
130,130,28,1,1,800000,4,0,0,0,0
131,131,28,1,1,750000,4,0,0,0,0
132,132,28,1,1,1100000,4,0,0,0,0
134,134,28,1,1,600000,5,0,1,0,0
137,137,29,1,1,600000,4,1,1,0,0
138,138,28,1,1,1150000,4,0,0,0,0
140,140,28,1,1,550000,4,1,0,0,0
141,141,25,1,1,1400000,3,0,0,1,0
142,142,32,0,1,350000,9,1,0,0,0
143,143,26,1,1,1300000,4,0,0,0,0
144,144,31,1,1,1250000,4,0,0,0,0
145,145,28,1,1,1150000,6,0,0,0,0
147,147,31,0,0,400000,4,1,0,0,0
149,149,28,1,1,800000,5,1,0,0,0
152,152,28,1,1,1200000,5,0,1,0,0
153,153,25,1,0,600000,5,0,1,0,0
154,154,28,1,1,700000,4,0,1,0,0
156,156,28,1,1,900000,4,0,1,0,0
157,157,28,1,1,600000,3,1,0,0,0
159,159,27,0,1,900000,7,1,0,0,0
163,163,32,0,1,350000,5,0,0,0,0
164,164,28,0,1,300000,6,0,0,0,0
165,165,33,0,1,1000000,4,0,0,0,0
166,166,28,1,1,800000,7,0,0,0,0
167,167,31,0,1,400000,3,0,0,0,0
168,168,27,0,1,850000,7,1,0,0,0
169,169,25,1,0,600000,6,0,0,0,0
171,171,28,1,1,900000,7,0,0,0,0
172,172,27,1,0,600000,8,0,0,0,0
175,175,30,1,0,800000,3,0,0,0,0
177,177,28,1,1,1250000,5,0,0,0,0
178,178,32,0,1,350000,6,0,0,0,0
179,179,26,1,1,1250000,4,0,0,0,0
180,180,28,1,1,750000,6,0,1,0,0
181,181,26,1,1,1300000,3,0,0,0,0
183,183,25,1,0,1700000,3,1,1,0,0
184,184,25,0,1,750000,3,0,0,0,0
187,187,28,1,1,650000,9,0,0,0,0
188,188,26,0,1,500000,4,0,0,0,0
190,190,27,0,1,900000,5,0,0,0,0
191,191,30,1,0,650000,3,0,0,1,0
192,192,28,1,1,800000,4,1,0,1,0
193,193,34,1,0,1300000,5,1,0,0,0
194,194,33,0,1,1100000,5,0,0,0,0
197,197,29,1,1,1150000,5,1,1,0,0
203,203,28,1,1,1100000,4,1,0,0,0
204,204,32,0,1,900000,4,0,1,0,0
205,205,29,1,1,1150000,4,1,0,1,0
207,207,31,0,0,350000,3,0,0,0,0
209,209,25,1,0,1700000,3,1,1,0,0
210,210,28,1,1,1200000,5,1,1,0,0
211,211,27,1,0,450000,5,0,0,0,0
212,212,28,1,1,750000,5,1,0,0,0
214,214,27,0,1,850000,5,1,0,1,0
215,215,33,0,1,1100000,5,0,0,0,0
217,217,28,1,1,800000,6,0,0,0,0
218,218,26,1,1,1500000,7,0,1,1,0
219,219,31,1,1,1250000,9,1,0,0,0
220,220,35,1,0,800000,2,0,0,0,0
221,221,28,1,1,1200000,6,1,0,0,0
222,222,28,1,1,1200000,3,0,0,0,0
223,223,30,1,0,650000,3,0,0,0,0
224,224,31,1,1,1100000,5,0,1,0,0
225,225,31,1,1,1250000,2,0,0,0,0
227,227,34,1,1,1300000,6,1,0,0,0
228,228,34,1,1,1000000,5,0,0,0,0
229,229,34,1,1,1000000,2,0,0,0,0
230,230,29,1,1,900000,7,0,1,0,0
231,231,31,0,1,1200000,5,1,0,0,0
232,232,28,1,1,1250000,6,0,0,0,0
233,233,31,0,1,1200000,6,1,0,0,0
234,234,34,1,1,1300000,4,0,0,0,0
235,235,30,1,0,550000,4,0,0,0,0
237,237,30,1,0,500000,8,0,0,0,0
238,238,29,1,1,600000,3,1,0,0,0
239,239,26,1,1,1250000,5,0,0,0,0
240,240,27,1,0,350000,7,0,0,0,0
242,242,33,0,1,400000,4,0,0,0,0
243,243,26,1,1,750000,6,0,0,0,0
244,244,27,0,1,500000,4,0,0,0,0
245,245,28,1,1,1150000,3,0,0,0,0
246,246,31,0,0,350000,6,1,0,0,0
249,249,28,1,1,1150000,5,0,0,0,0
251,251,28,0,1,300000,5,0,0,0,0
254,254,28,0,1,1200000,5,0,0,0,0
258,258,29,1,1,900000,7,0,1,0,0
262,262,26,1,1,750000,4,1,0,0,0
263,263,35,1,0,800000,4,0,0,0,0
264,264,29,1,1,350000,9,1,0,0,0
265,265,27,0,1,850000,6,0,1,0,0
266,266,31,0,1,400000,5,0,0,0,0
269,269,27,1,0,800000,5,0,0,0,0
271,271,35,0,1,900000,3,1,0,0,0
272,272,28,1,1,700000,3,1,0,0,0
276,276,29,1,1,1050000,6,0,0,0,0
277,277,31,1,1,950000,7,0,1,0,0
279,279,32,0,1,350000,6,0,0,0,0
280,280,32,0,1,800000,6,0,1,0,0
281,281,26,1,1,750000,6,0,0,0,0
283,283,26,1,1,600000,4,0,1,0,0
285,285,33,1,1,750000,4,0,0,0,0
286,286,28,1,1,600000,3,0,0,0,0
287,287,29,1,1,1200000,4,0,0,0,0
288,288,29,1,1,1100000,4,0,0,0,0
289,289,26,1,1,500000,3,0,0,0,0
290,290,32,0,1,900000,6,1,0,0,0
291,291,34,1,1,1300000,3,0,1,0,0
292,292,27,0,1,850000,4,0,0,0,0
294,294,29,1,1,1200000,4,0,0,0,0
295,295,28,1,1,550000,5,0,0,0,0
296,296,32,0,1,350000,7,0,0,0,0
299,299,27,1,0,450000,3,0,0,0,0
301,301,27,0,1,850000,4,1,0,0,0
303,303,31,0,0,300000,3,0,0,0,0
304,304,34,1,1,1050000,3,0,0,0,0
305,305,26,1,1,1250000,4,1,0,1,0
307,307,28,1,1,1150000,8,1,0,0,0
308,308,34,1,1,1000000,9,1,0,0,0
310,310,30,1,0,550000,8,0,0,0,0
312,312,32,0,1,850000,7,0,0,0,0
315,315,28,0,1,300000,4,0,0,0,0
316,316,31,1,1,950000,5,1,0,0,0
320,320,35,1,0,800000,5,0,0,0,0
321,321,28,1,1,500000,3,0,0,0,0
322,322,28,1,1,750000,3,0,0,0,0
324,324,28,0,1,300000,5,0,0,0,0
325,325,31,1,1,1250000,4,0,0,0,0
326,326,28,1,1,1150000,5,0,0,0,0
327,327,34,0,1,1300000,3,0,0,0,0
329,329,28,1,1,1100000,8,0,0,0,0
330,330,35,1,0,800000,4,0,0,0,0
333,333,31,1,1,1400000,6,1,0,1,0
336,336,32,0,1,350000,9,1,0,0,0
337,337,30,1,0,550000,7,0,1,0,0
338,338,28,1,1,600000,3,0,0,0,0
339,339,29,1,1,1050000,5,0,0,0,0
340,340,27,1,0,800000,7,1,0,0,0
341,341,28,1,1,550000,7,0,0,0,0
343,343,28,1,1,1250000,7,0,0,0,0
344,344,32,0,1,800000,4,0,1,1,0
345,345,29,1,1,1200000,5,0,0,1,0
347,347,34,1,1,1300000,6,0,1,0,0
348,348,31,1,1,1400000,6,1,0,1,0
349,349,28,1,1,500000,3,0,0,0,0
350,350,31,1,1,950000,5,0,1,1,0
351,351,29,1,1,1200000,9,1,1,0,0
353,353,31,0,0,300000,3,0,0,0,0
356,356,34,1,1,1000000,4,0,0,0,0
357,357,34,1,1,500000,5,0,0,0,0
358,358,34,1,1,1000000,5,0,1,0,0
359,359,25,1,0,1150000,3,0,0,0,0
360,360,28,1,0,550000,4,0,0,0,0
362,362,28,1,1,700000,2,1,0,0,0
363,363,34,0,1,1300000,4,0,0,0,0
364,364,31,0,1,1200000,6,0,0,0,0
366,366,28,0,1,300000,3,0,0,0,0
367,367,31,0,1,1300000,4,0,0,0,0
369,369,32,0,1,800000,7,1,0,0,0
371,371,27,0,1,900000,5,1,0,1,0
372,372,29,1,1,350000,5,1,0,0,0
373,373,28,1,1,900000,5,0,1,0,0
374,374,28,0,1,600000,7,0,0,0,0
375,375,28,1,1,1100000,6,1,0,0,0
376,376,31,0,1,1300000,4,0,0,0,0
380,380,28,1,1,1200000,5,1,0,0,0
381,381,29,1,1,1200000,5,0,0,0,0
383,383,29,1,1,1100000,4,0,0,0,0
384,384,33,0,1,600000,3,0,0,1,0
385,385,34,1,1,1000000,5,0,0,0,0
387,387,28,0,1,300000,5,0,0,0,0
388,388,28,1,1,550000,5,0,0,0,0
393,393,29,1,1,1050000,3,0,1,0,0
395,395,32,0,1,800000,5,0,0,0,0
397,397,25,0,1,750000,5,0,0,0,0
398,398,28,1,1,1250000,5,0,1,0,0
399,399,35,1,0,800000,5,0,0,0,0
400,400,29,1,1,1200000,4,0,1,0,0
401,401,34,1,1,700000,4,0,0,0,0
402,402,31,1,1,1250000,3,0,0,0,0
403,403,28,1,1,800000,8,1,0,0,0
405,405,32,0,1,850000,6,0,0,0,0
408,408,31,0,0,350000,2,0,0,0,0
409,409,28,1,1,700000,5,0,0,0,0
410,410,28,1,0,550000,4,0,0,0,0
411,411,28,0,1,600000,6,0,0,0,0
412,412,28,0,1,300000,7,1,0,0,0
415,415,28,0,1,600000,5,0,0,0,0
418,418,34,1,1,1000000,3,1,0,0,0
419,419,25,1,0,1150000,4,0,0,0,0
420,420,34,1,1,1050000,5,0,0,0,0
421,421,28,0,1,300000,4,0,0,0,0
425,425,29,1,1,350000,5,1,0,0,0
426,426,25,1,1,500000,5,0,0,0,0
428,428,28,1,1,700000,5,1,0,0,0
429,429,32,0,1,350000,2,0,0,0,0
431,431,28,1,1,500000,6,0,0,0,0
432,432,34,1,1,500000,5,0,0,0,0
433,433,28,1,1,1100000,4,0,0,0,0
436,436,28,1,1,1200000,4,1,0,1,0
437,437,27,1,0,800000,7,0,0,0,0
438,438,33,0,1,400000,5,1,0,0,0
439,439,28,1,1,800000,3,0,0,0,0
442,442,29,1,1,1100000,9,0,0,0,0
445,445,27,0,1,1050000,6,1,0,0,0
446,446,28,1,1,700000,2,0,0,0,0
447,447,29,1,1,500000,3,0,0,0,0
450,450,31,1,1,1250000,6,0,0,1,0
451,451,28,1,1,800000,4,0,0,0,0
453,453,31,1,1,1100000,3,0,0,0,0
454,454,28,0,1,300000,4,0,0,0,0
455,455,35,0,1,1100000,4,0,0,0,0
457,457,25,1,0,1150000,4,0,0,0,0
458,458,26,1,1,750000,3,1,0,0,0
462,462,26,1,1,1250000,6,1,0,0,0
463,463,33,1,1,750000,2,1,0,0,0
466,466,28,1,1,550000,4,0,0,0,0
467,467,26,0,1,500000,5,0,0,0,0
468,468,28,1,1,1200000,5,0,0,0,0
470,470,28,1,1,1300000,2,1,0,0,0
471,471,26,1,1,1250000,3,0,0,0,0
472,472,28,0,1,300000,5,0,0,0,0
474,474,31,1,1,1100000,3,1,1,0,0
478,478,29,1,1,900000,4,0,0,0,0
479,479,34,0,1,1300000,4,1,0,0,0
481,481,29,1,1,1100000,4,0,0,0,0
482,482,32,0,1,850000,9,0,0,0,0
483,483,28,1,1,1150000,4,0,0,0,0
485,485,27,1,0,450000,4,0,0,0,0
486,486,33,1,1,550000,4,0,1,0,0
488,488,28,0,1,300000,3,0,0,0,0
489,489,30,1,0,800000,9,0,0,0,0
490,490,29,1,1,1200000,5,1,0,0,0
492,492,34,1,1,500000,3,0,0,0,0
493,493,29,1,1,1050000,7,0,0,0,0
494,494,34,0,1,1300000,5,1,0,1,0
495,495,31,0,1,1200000,4,0,0,0,0
496,496,26,1,1,600000,7,0,0,0,0
498,498,29,1,1,600000,5,0,0,0,0
499,499,32,0,1,350000,6,0,0,0,0
501,501,31,1,1,1250000,3,0,0,0,0
503,503,31,0,1,1300000,5,0,0,0,0
504,504,29,1,1,500000,4,0,0,0,0
505,505,28,1,1,800000,4,0,0,0,0
506,506,28,1,1,600000,6,0,0,0,0
507,507,32,0,1,800000,2,1,0,0,0
510,510,31,1,1,950000,5,0,0,0,0
511,511,31,1,1,1250000,3,0,0,1,0
512,512,29,1,1,1100000,5,0,1,0,0
513,513,27,0,1,850000,5,1,0,0,0
515,515,27,0,1,850000,7,0,1,0,0
516,516,31,1,1,1250000,3,1,0,0,0
520,520,35,0,1,1100000,4,1,0,0,0
521,521,28,1,1,1100000,6,0,0,0,0
523,523,33,0,1,400000,5,1,0,0,0
524,524,32,0,1,800000,4,0,0,0,0
525,525,26,1,1,500000,9,0,0,0,0
526,526,31,1,1,1100000,4,1,0,0,0
527,527,28,1,1,700000,4,1,0,0,0
528,528,25,1,0,1150000,5,0,0,0,0
529,529,28,1,1,1250000,4,0,1,0,0
530,530,29,1,1,900000,3,0,0,0,0
531,531,28,1,1,1150000,6,1,0,0,0
533,533,29,1,1,600000,3,0,0,0,0
536,536,30,1,0,500000,3,0,0,0,0
538,538,28,1,1,1150000,2,1,1,0,0
539,539,33,0,0,400000,4,0,0,0,0
541,541,29,1,1,1200000,5,0,0,0,0
542,542,27,1,0,600000,4,0,1,0,0
543,543,34,1,1,850000,3,1,0,0,0
544,544,31,0,0,400000,3,0,0,0,0
545,545,26,1,1,600000,6,1,0,0,0
546,546,28,1,1,550000,3,0,0,0,0
548,548,27,0,1,850000,5,0,0,0,0
549,549,28,0,0,300000,5,1,0,0,0
550,550,34,1,1,1050000,5,0,0,0,0
552,552,27,0,1,1050000,4,0,0,0,0
553,553,33,1,1,1400000,5,0,1,1,0
554,554,32,0,1,800000,6,0,0,0,0
555,555,26,1,1,1750000,4,0,0,0,0
556,556,33,1,1,550000,4,1,0,0,0
557,557,27,0,1,1050000,3,0,0,0,0
558,558,34,1,1,850000,3,1,0,0,0
561,561,29,1,1,1050000,9,0,0,0,0
562,562,33,0,1,1000000,4,0,0,1,0
564,564,29,1,1,900000,6,1,0,0,0
565,565,28,1,1,800000,5,0,0,0,0
566,566,27,0,1,850000,3,0,0,1,0
568,568,35,1,0,800000,5,0,0,0,0
569,569,27,0,1,500000,4,1,0,0,0
570,570,25,1,0,1150000,5,1,0,0,0
571,571,32,0,1,850000,5,1,0,0,0
572,572,28,1,0,550000,5,0,0,0,0
573,573,27,1,0,350000,3,0,0,0,0
574,574,29,1,1,1150000,5,0,1,0,0
578,578,34,1,1,1000000,4,0,0,0,0
579,579,33,0,1,400000,3,0,0,0,0
580,580,31,1,1,1250000,4,0,0,0,0
581,581,28,1,1,700000,4,1,0,0,0
582,582,29,1,1,1100000,3,0,0,0,0
584,584,29,1,1,900000,5,0,0,0,0
586,586,28,0,1,300000,7,0,0,0,0
590,590,28,1,1,500000,5,0,0,0,0
591,591,25,1,0,1150000,3,1,0,0,0
593,593,28,0,1,600000,4,0,0,0,0
594,594,33,1,1,550000,5,0,1,0,0
595,595,25,1,0,1150000,5,1,1,0,0
597,597,34,1,1,1000000,4,0,0,0,0
599,599,34,1,1,700000,4,1,0,0,0
601,601,34,1,1,1300000,5,0,0,0,0
604,604,32,0,1,350000,7,0,0,0,0
606,606,28,1,1,800000,3,0,0,0,0
607,607,28,1,1,550000,8,1,0,0,0
610,610,31,1,1,900000,8,0,0,1,0
611,611,28,1,1,500000,6,1,0,0,0
612,612,28,1,1,550000,9,0,0,0,0
613,613,31,1,1,1250000,6,0,0,0,0
614,614,34,1,1,1000000,5,1,0,0,0
615,615,28,0,1,300000,3,1,0,0,0
616,616,27,0,1,750000,7,1,0,1,0
620,620,29,1,1,1050000,4,0,1,0,0
621,621,28,1,1,650000,4,0,0,0,0
622,622,32,0,1,800000,5,0,1,0,0
623,623,28,1,1,1100000,3,0,0,0,0
624,624,34,1,1,1000000,9,0,0,0,0
625,625,31,1,1,1750000,4,0,0,0,0
626,626,28,1,1,1100000,6,0,1,0,0
627,627,27,0,1,500000,6,0,0,0,0
628,628,28,1,1,1150000,9,0,0,0,0
629,629,25,1,0,600000,4,0,1,0,0
630,630,28,1,1,1100000,9,0,0,0,0
632,632,34,1,1,700000,3,0,0,0,0
633,633,28,1,1,700000,7,1,0,0,0
634,634,34,1,0,1300000,4,0,0,0,0
635,635,28,1,0,550000,4,0,0,0,0
637,637,34,1,1,1300000,5,1,0,0,0
639,639,31,1,1,1250000,5,1,1,0,0
640,640,27,1,0,800000,5,0,0,0,0
641,641,34,1,1,700000,5,1,0,1,0
642,642,26,0,1,500000,6,1,0,0,0
643,643,28,1,1,1100000,5,1,0,0,0
644,644,32,0,1,800000,4,0,0,0,0
645,645,28,1,1,1100000,4,0,0,0,0
646,646,28,1,1,1100000,6,0,0,0,0
648,648,28,1,1,800000,4,0,0,0,0
649,649,28,0,1,300000,5,0,0,0,0
653,653,27,0,1,500000,7,0,0,0,0
654,654,32,0,1,1750000,6,0,0,0,0
655,655,28,1,1,700000,4,0,0,0,0
656,656,31,1,1,500000,6,1,0,0,0
659,659,34,1,1,500000,3,0,0,0,0
660,660,28,0,1,300000,4,0,0,0,0
661,661,28,0,0,300000,5,0,0,0,0
662,662,26,1,1,500000,6,0,0,0,0
665,665,28,1,1,1250000,6,0,1,0,0
666,666,28,1,1,800000,5,0,0,0,0
667,667,26,1,1,1300000,4,1,0,1,0
668,668,33,0,1,1000000,5,0,1,0,0
669,669,26,1,1,600000,3,0,1,0,0
670,670,28,1,1,800000,4,1,0,0,0
671,671,29,1,1,1100000,3,1,0,0,0
672,672,27,0,1,1050000,2,1,0,0,0
674,674,27,0,1,850000,2,0,0,0,0
675,675,27,1,0,350000,3,0,0,0,0
676,676,29,1,1,1200000,7,1,0,0,0
677,677,27,1,0,450000,7,0,0,0,0
679,679,26,0,1,500000,5,0,0,0,0
681,681,28,1,1,1200000,4,0,0,0,0
683,683,28,1,1,750000,4,0,0,0,0
684,684,25,1,0,1150000,4,0,0,0,0
687,687,28,1,1,1150000,3,0,0,0,0
688,688,33,0,1,400000,5,1,0,0,0
689,689,27,0,1,500000,7,0,0,0,0
690,690,33,1,1,1400000,8,0,0,1,0
691,691,31,1,1,950000,3,0,1,0,0
692,692,31,0,0,300000,6,0,0,0,0
693,693,27,1,0,800000,5,1,0,0,0
695,695,28,1,1,1150000,7,0,0,0,0
696,696,32,0,1,350000,2,0,0,0,0
699,699,32,0,1,800000,3,1,1,0,0
702,702,28,1,1,500000,8,0,0,0,0
703,703,27,0,1,500000,6,0,0,0,0
705,705,27,0,1,850000,5,1,0,0,0
706,706,34,1,1,700000,4,0,0,0,0
707,707,28,1,1,550000,4,1,0,0,0
708,708,34,1,1,1000000,3,0,0,0,0
714,714,28,0,1,300000,4,0,0,0,0
715,715,28,1,1,1200000,5,0,0,0,0
717,717,28,1,1,800000,4,0,0,0,0
718,718,27,0,1,900000,4,0,0,0,0
719,719,34,1,0,1300000,4,0,0,0,0
720,720,27,0,1,850000,2,0,0,1,0
721,721,34,1,1,1050000,4,0,0,0,0
723,723,29,1,1,1050000,2,1,1,0,0
724,724,25,0,1,750000,3,0,0,0,0
728,728,28,1,1,1250000,6,0,0,1,0
729,729,27,1,0,600000,3,0,0,1,0
731,731,28,1,1,800000,5,0,0,0,0
732,732,30,1,0,800000,4,0,0,0,0
733,733,27,0,1,900000,4,0,1,0,0
735,735,28,0,1,300000,4,0,0,0,0
736,736,30,1,0,650000,7,0,0,0,0
738,738,28,1,1,800000,7,0,1,0,0
743,743,29,1,1,500000,6,0,0,0,0
744,744,29,1,1,1050000,5,1,0,1,0
745,745,28,0,1,600000,3,0,1,0,0
746,746,27,0,1,500000,3,1,0,0,0
748,748,28,1,1,650000,5,0,0,1,0
750,750,35,1,0,800000,4,0,0,0,0
753,753,33,0,1,1100000,4,1,0,0,0
754,754,32,0,1,850000,3,0,0,0,0
755,755,29,1,1,1200000,4,0,0,0,0
756,756,28,0,0,300000,6,0,0,0,0
757,757,27,0,1,500000,6,1,0,0,0
760,760,27,0,1,500000,4,1,0,0,0
762,762,28,1,1,800000,5,0,0,0,0
763,763,28,0,1,600000,4,1,0,0,0
764,764,27,0,1,500000,5,0,0,0,0
765,765,29,1,1,350000,4,0,0,0,0
766,766,34,1,1,700000,3,1,0,0,0
767,767,28,0,0,300000,6,0,0,0,0
769,769,30,1,0,800000,3,0,0,0,0
770,770,28,0,1,600000,5,0,0,0,0
772,772,35,1,0,950000,3,0,0,0,0
773,773,31,1,1,950000,6,0,0,0,0
774,774,28,1,1,800000,5,0,1,0,0
775,775,32,0,1,350000,3,0,0,0,0
777,777,27,0,1,500000,5,0,0,0,0
778,778,27,0,1,850000,6,0,0,0,0
780,780,31,0,1,400000,6,0,0,0,0
782,782,28,1,1,1200000,4,0,0,0,0
783,783,29,1,1,1100000,7,0,0,0,0
785,785,29,1,1,1200000,7,0,0,1,0
786,786,29,1,1,500000,2,0,0,0,0
787,787,34,1,1,1000000,4,0,0,0,0
788,788,34,1,1,500000,7,0,0,0,0
792,792,28,1,1,750000,6,0,1,0,0
794,794,26,0,1,500000,7,1,0,0,0
795,795,32,0,1,350000,3,0,0,0,0
796,796,28,0,1,300000,7,0,0,0,0
797,797,28,0,1,300000,4,0,0,0,0
799,799,31,0,1,1200000,3,0,0,0,0
800,800,31,0,1,1200000,6,0,0,0,0
803,803,29,1,1,1050000,7,1,0,0,0
804,804,27,1,0,350000,4,1,0,0,0
805,805,29,1,1,1050000,3,1,1,0,0
806,806,30,1,0,550000,5,0,0,0,0
810,810,29,1,1,600000,4,1,0,0,0
811,811,26,1,1,450000,3,0,0,0,0
812,812,33,0,1,1000000,4,1,0,0,0
813,813,30,1,0,550000,3,0,0,0,0
814,814,29,1,1,1050000,6,1,0,1,0
815,815,25,1,0,1700000,5,1,1,0,0
816,816,34,1,1,1050000,4,0,0,0,0
819,819,28,1,1,1150000,4,1,0,0,0
820,820,25,1,0,1150000,4,0,0,0,0
822,822,29,1,1,1200000,4,0,0,0,0
823,823,28,1,1,1200000,4,0,0,0,0
824,824,32,0,1,850000,4,0,0,0,0
826,826,28,1,1,1150000,3,0,1,0,0
829,829,26,1,1,600000,5,0,0,0,0
831,831,27,0,1,1050000,6,1,0,0,0
835,835,35,1,0,600000,9,0,0,0,0
837,837,29,1,1,1100000,7,0,1,0,0
838,838,29,1,1,1100000,5,0,1,0,0
842,842,29,1,1,1100000,3,0,0,0,0
843,843,29,1,1,600000,3,0,0,0,0
844,844,33,0,1,1100000,2,0,0,0,0
845,845,28,1,1,750000,3,1,0,0,0
846,846,28,1,1,700000,4,0,0,0,0
848,848,35,0,1,900000,6,1,0,0,0
849,849,34,0,1,1300000,4,0,0,0,0
850,850,32,0,1,850000,4,0,1,0,0
852,852,27,0,1,500000,3,1,0,0,0
853,853,31,0,1,400000,6,1,0,0,0
854,854,32,0,1,850000,3,1,0,0,0
855,855,26,1,1,500000,6,0,0,0,0
858,858,27,0,1,1050000,5,0,1,0,0
859,859,28,1,1,800000,4,0,0,0,0
860,860,34,1,1,1000000,4,1,0,0,0
862,862,28,0,1,300000,3,1,0,0,0
863,863,29,1,1,1100000,3,0,0,0,0
864,864,26,1,1,600000,6,0,1,0,0
867,867,33,1,1,750000,5,0,0,0,0
868,868,28,0,1,1200000,5,1,0,0,0
870,870,35,1,0,800000,2,0,0,1,0
871,871,25,1,0,1700000,5,1,1,1,0
872,872,27,1,0,1000000,3,0,0,0,0
874,874,28,1,1,550000,4,0,0,0,0
875,875,29,1,1,600000,3,1,0,0,0
876,876,28,1,1,800000,4,1,0,0,0
878,878,26,1,1,600000,4,0,0,0,0
880,880,28,1,1,750000,6,0,1,0,0
881,881,29,1,1,1200000,4,0,0,0,0
882,882,26,1,1,600000,4,1,0,0,0
885,885,32,0,1,350000,5,0,0,0,0
887,887,28,0,1,600000,4,0,0,0,0
888,888,28,1,1,1250000,6,1,0,0,0
889,889,35,1,0,800000,3,1,0,0,0
891,891,29,1,1,1050000,5,1,0,0,0
892,892,29,1,1,1050000,4,0,0,0,0
893,893,31,0,1,400000,2,0,0,0,0
896,896,33,0,1,600000,4,0,0,0,0
897,897,31,0,1,1300000,5,1,0,0,0
898,898,31,0,1,1300000,5,0,0,0,0
901,901,33,0,1,700000,2,0,0,0,0
903,903,28,0,1,600000,4,0,0,0,0
904,904,28,0,1,300000,6,0,0,0,0
905,905,28,1,1,550000,6,0,0,1,0
906,906,34,0,1,1300000,5,1,0,0,0
908,908,34,1,1,1300000,3,0,0,1,0
910,910,34,0,1,1300000,4,0,0,0,0
911,911,27,0,1,1050000,5,0,1,0,0
914,914,32,0,1,800000,6,1,0,0,0
915,915,28,0,1,600000,2,0,1,0,0
917,917,28,0,1,300000,6,0,0,0,0
920,920,32,0,1,650000,5,0,0,0,0
921,921,33,0,1,400000,4,0,0,0,0
922,922,29,1,1,900000,4,0,0,0,0
923,923,28,1,1,1100000,4,1,1,0,0
924,924,31,0,1,400000,6,0,0,0,0
925,925,30,1,0,800000,3,0,0,0,0
931,931,28,0,1,1200000,6,1,0,0,0
933,933,28,0,1,600000,5,0,0,1,0
934,934,28,1,1,800000,5,0,1,0,0
936,936,33,0,1,800000,3,0,0,0,0
937,937,28,1,1,1250000,4,0,0,0,0
941,941,34,1,1,1000000,5,0,0,0,0
942,942,25,1,1,500000,6,0,0,0,0
943,943,29,1,1,1200000,5,1,0,0,0
944,944,33,0,1,600000,3,0,0,0,0
945,945,28,1,1,1200000,9,0,0,0,0
947,947,35,1,0,800000,5,0,0,0,0
948,948,29,1,1,500000,5,0,0,0,0
950,950,28,1,1,550000,5,0,0,0,0
953,953,29,1,1,1750000,6,0,0,0,0
954,954,34,1,1,1000000,5,1,1,0,0
957,957,28,1,1,500000,5,1,0,0,0
958,958,27,1,0,350000,5,1,0,0,0
959,959,31,1,1,500000,6,0,0,0,0
961,961,28,0,0,300000,6,1,0,0,0
962,962,33,0,1,1000000,5,0,0,0,0
965,965,25,1,0,1150000,8,0,1,0,0
967,967,29,1,1,900000,5,0,0,0,0
968,968,31,1,1,1250000,5,1,0,0,0
969,969,31,1,1,900000,3,0,0,0,0
970,970,27,1,0,450000,7,0,0,0,0
972,972,28,1,1,1200000,3,0,0,0,0
976,976,26,1,1,1300000,5,0,0,0,0
978,978,32,0,1,900000,4,0,1,0,0
979,979,30,1,0,650000,4,0,0,0,0
980,980,28,0,1,300000,8,0,0,0,0
981,981,27,0,1,750000,3,0,0,0,0
982,982,27,0,1,850000,5,0,0,0,0
984,984,28,1,1,550000,5,1,0,0,0
988,988,31,1,1,1750000,7,0,0,0,0
992,992,28,1,1,1100000,4,1,0,0,0
993,993,34,1,1,700000,2,0,1,0,0
994,994,28,1,1,550000,6,1,0,0,0
995,995,27,0,1,850000,5,0,0,0,0
997,997,28,1,1,700000,4,1,0,0,0
1000,1000,28,0,1,300000,4,0,0,0,0
1002,1002,29,1,1,500000,8,0,0,0,0
1003,1003,31,1,1,1250000,5,1,0,0,0
1004,1004,31,0,0,400000,4,1,0,0,0
1005,1005,27,1,0,350000,4,0,0,0,0
1006,1006,28,1,1,1100000,6,0,0,0,0
1010,1010,27,0,1,500000,8,0,0,0,0
1012,1012,29,1,1,1200000,5,0,0,0,0
1013,1013,25,1,0,600000,4,0,1,0,0
1016,1016,29,1,1,350000,9,1,0,0,0
1017,1017,28,0,1,300000,3,1,0,0,0
1018,1018,31,0,1,400000,7,0,0,0,0
1020,1020,25,1,0,1150000,4,0,0,0,0
1022,1022,27,0,1,850000,5,0,1,0,0
1026,1026,28,1,1,700000,4,0,0,0,0
1027,1027,25,1,0,1150000,5,0,1,0,0
1028,1028,25,1,0,1150000,3,1,0,0,0
1029,1029,31,0,0,300000,3,0,0,0,0
1030,1030,34,1,1,1000000,3,1,0,0,0
1031,1031,29,1,1,1200000,9,0,0,0,0
1033,1033,31,1,1,1250000,4,0,0,0,0
1035,1035,34,1,1,1300000,3,0,0,0,0
1036,1036,28,1,1,750000,5,0,0,0,0
1039,1039,28,1,1,800000,3,1,0,0,0
1041,1041,26,1,1,500000,2,1,0,0,0
1042,1042,31,1,1,500000,2,0,0,0,0
1043,1043,30,1,0,500000,8,0,0,0,0
1045,1045,28,1,1,1100000,4,1,0,0,0
1046,1046,33,0,1,400000,5,1,0,0,0
1048,1048,25,1,1,500000,5,1,0,0,0
1049,1049,29,1,1,900000,7,0,0,0,0
1050,1050,33,0,1,1100000,2,1,0,1,0
1051,1051,25,1,0,600000,4,0,1,1,0
1052,1052,29,1,1,1200000,7,1,0,0,0
1054,1054,31,0,1,400000,5,0,0,0,0
1056,1056,31,0,1,1300000,4,0,0,0,0
1057,1057,28,1,1,700000,6,1,0,0,0
1058,1058,27,0,1,900000,6,0,1,1,0
1059,1059,32,0,1,350000,4,0,0,0,0
1060,1060,35,1,0,950000,5,1,0,0,0
1061,1061,31,0,1,400000,3,0,0,0,0
1062,1062,32,0,1,650000,4,0,0,0,0
1063,1063,28,1,1,1200000,6,0,0,0,0
1064,1064,29,1,1,1200000,5,0,0,0,0
1065,1065,28,0,0,300000,7,1,0,0,0
1069,1069,28,1,1,800000,4,1,0,0,0
1070,1070,33,0,1,800000,5,1,0,0,0
1071,1071,27,0,1,750000,8,0,0,0,0
1072,1072,31,0,1,400000,6,0,0,0,0
1073,1073,28,1,1,500000,7,0,0,0,0
1074,1074,34,1,1,1500000,5,1,1,1,0
1075,1075,32,0,1,650000,5,0,1,0,0
1077,1077,27,0,1,1050000,4,0,0,0,0
1078,1078,31,0,0,300000,3,0,0,0,0
1079,1079,34,1,1,1000000,3,0,0,0,0
1080,1080,28,1,1,700000,7,0,0,0,0
1082,1082,29,1,1,1200000,8,1,0,0,0
1083,1083,25,1,0,1150000,8,0,0,0,0
1084,1084,29,1,1,1050000,4,0,0,0,0
1085,1085,28,1,1,1250000,7,0,0,0,0
1086,1086,28,0,1,300000,3,0,0,0,0
1087,1087,31,0,1,1200000,7,1,0,0,0
1088,1088,28,1,1,1250000,9,1,0,0,0
1089,1089,26,1,1,500000,3,0,0,0,0
1090,1090,29,1,1,1100000,5,1,0,0,0
